Data;GBP/PLN
02/01/2012;5.348
03/01/2012;5.3394
04/01/2012;5.3712
05/01/2012;5.4616
09/01/2012;5.4269
10/01/2012;5.4328
11/01/2012;5.4027
12/01/2012;5.3576
13/01/2012;5.2711
16/01/2012;5.3324
17/01/2012;5.2584
18/01/2012;5.2241
19/01/2012;5.1996
20/01/2012;5.1839
23/01/2012;5.1872
24/01/2012;5.1224
25/01/2012;5.1385
26/01/2012;5.0588
27/01/2012;5.0551
30/01/2012;5.0816
31/01/2012;5.0496
01/02/2012;5.0285
02/02/2012;5.059
03/02/2012;5.0469
06/02/2012;5.0494
07/02/2012;5.0338
08/02/2012;5.006
09/02/2012;4.9879
10/02/2012;5.0216
13/02/2012;4.9968
14/02/2012;5.0054
15/02/2012;4.9669
16/02/2012;5.0953
17/02/2012;5.0416
20/02/2012;5.0114
21/02/2012;4.9913
22/02/2012;4.9682
23/02/2012;4.9325
24/02/2012;4.9167
27/02/2012;4.9415
28/02/2012;4.913
29/02/2012;4.8973
01/03/2012;4.9186
02/03/2012;4.9423
05/03/2012;4.9559
06/03/2012;4.9787
07/03/2012;4.9788
08/03/2012;4.9395
09/03/2012;4.9053
12/03/2012;4.9047
13/03/2012;4.9028
14/03/2012;4.9781
15/03/2012;4.9697
16/03/2012;4.981
19/03/2012;4.9657
20/03/2012;4.9642
21/03/2012;4.9443
22/03/2012;5.0065
23/03/2012;4.9837
26/03/2012;4.9592
27/03/2012;4.9434
28/03/2012;4.9497
29/03/2012;4.971
30/03/2012;4.9908
02/04/2012;4.9793
03/04/2012;4.9669
04/04/2012;5.0057
05/04/2012;5.0271
06/04/2012;5.0418
10/04/2012;5.0592
11/04/2012;5.091
12/04/2012;5.0698
13/04/2012;5.058
16/04/2012;5.1148
17/04/2012;5.0862
18/04/2012;5.0995
19/04/2012;5.1183
20/04/2012;5.1242
23/04/2012;5.1457
24/04/2012;5.1552
25/04/2012;5.0952
26/04/2012;5.1171
27/04/2012;5.1244
30/04/2012;5.1295
02/05/2012;5.1228
04/05/2012;5.1557
07/05/2012;5.2104
08/05/2012;5.201
09/05/2012;5.2297
10/05/2012;5.2697
11/05/2012;5.2838
14/05/2012;5.3676
15/05/2012;5.397
16/05/2012;5.4815
17/05/2012;5.4342
18/05/2012;5.4356
21/05/2012;5.3656
22/05/2012;5.3419
23/05/2012;5.4122
24/05/2012;5.4496
25/05/2012;5.4178
28/05/2012;5.417
29/05/2012;5.4419
30/05/2012;5.4701
31/05/2012;5.4858
01/06/2012;5.4686
04/06/2012;5.4417
05/06/2012;5.4208
06/06/2012;5.3662
08/06/2012;5.3285
11/06/2012;5.302
12/06/2012;5.3552
13/06/2012;5.3861
14/06/2012;5.3289
15/06/2012;5.2772
18/06/2012;5.293
19/06/2012;5.3032
20/06/2012;5.2642
21/06/2012;5.2789
22/06/2012;5.3158
25/06/2012;5.3081
26/06/2012;5.3198
27/06/2012;5.3122
28/06/2012;5.349
29/06/2012;5.2896
02/07/2012;5.2446
03/07/2012;5.2451
04/07/2012;5.229
05/07/2012;5.2573
06/07/2012;5.2914
09/07/2012;5.3442
10/07/2012;5.3045
11/07/2012;5.2913
12/07/2012;5.3175
13/07/2012;5.3217
16/07/2012;5.3381
17/07/2012;5.3077
18/07/2012;5.305
19/07/2012;5.3049
20/07/2012;5.3299
23/07/2012;5.3665
24/07/2012;5.3798
25/07/2012;5.3727
26/07/2012;5.3445
27/07/2012;5.3088
30/07/2012;5.2962
31/07/2012;5.2567
01/08/2012;5.2283
02/08/2012;5.1975
03/08/2012;5.2137
06/08/2012;5.1016
07/08/2012;5.0906
08/08/2012;5.1508
09/08/2012;5.1509
10/08/2012;5.1786
13/08/2012;5.2017
14/08/2012;5.1869
16/08/2012;5.2216
17/08/2012;5.1687
20/08/2012;5.1754
21/08/2012;5.1697
22/08/2012;5.1608
23/08/2012;5.1619
24/08/2012;5.1783
27/08/2012;5.1523
28/08/2012;5.1558
29/08/2012;5.2321
30/08/2012;5.2828
31/08/2012;5.2756
03/09/2012;5.3046
04/09/2012;5.2886
05/09/2012;5.3424
06/09/2012;5.2421
07/09/2012;5.2033
10/09/2012;5.1475
11/09/2012;5.1421
12/09/2012;5.1033
13/09/2012;5.1317
14/09/2012;5.0421
17/09/2012;5.0637
18/09/2012;5.1166
19/09/2012;5.137
20/09/2012;5.2018
21/09/2012;5.1678
24/09/2012;5.2128
25/09/2012;5.2167
26/09/2012;5.2094
27/09/2012;5.2198
28/09/2012;5.1571
01/10/2012;5.1384
02/10/2012;5.1436
03/10/2012;5.1416
04/10/2012;5.0997
05/10/2012;5.0726
08/10/2012;5.0549
09/10/2012;5.041
10/10/2012;5.0744
11/10/2012;5.0976
12/10/2012;5.0714
15/10/2012;5.0709
16/10/2012;5.0599
17/10/2012;5.0481
18/10/2012;5.0572
19/10/2012;5.0532
22/10/2012;5.0493
23/10/2012;5.0714
24/10/2012;5.1098
25/10/2012;5.1341
26/10/2012;5.1751
29/10/2012;5.1605
30/10/2012;5.1433
31/10/2012;5.1265
02/11/2012;5.1455
05/11/2012;5.1462
06/11/2012;5.1478
07/11/2012;5.1274
08/11/2012;5.2076
09/11/2012;5.2058
12/11/2012;5.2102
13/11/2012;5.2378
14/11/2012;5.2059
15/11/2012;5.1794
16/11/2012;5.1859
19/11/2012;5.1682
20/11/2012;5.1455
21/11/2012;5.139
22/11/2012;5.107
23/11/2012;5.0928
26/11/2012;5.0815
27/11/2012;5.0718
28/11/2012;5.0906
29/11/2012;5.0565
30/11/2012;5.0621
03/12/2012;5.0561
04/12/2012;5.0901
05/12/2012;5.0708
06/12/2012;5.0816
07/12/2012;5.1236
10/12/2012;5.1274
11/12/2012;5.0906
12/12/2012;5.0765
13/12/2012;5.0515
14/12/2012;5.0431
17/12/2012;5.026
18/12/2012;5.0357
19/12/2012;5.0006
20/12/2012;5.0037
21/12/2012;5.0016
24/12/2012;4.986
27/12/2012;4.9828
28/12/2012;4.9698
31/12/2012;5.0119
02/01/2013;5.0026
03/01/2013;5.0296
04/01/2013;5.0873
07/01/2013;5.0767
08/01/2013;5.0605
09/01/2013;5.0642
10/01/2013;4.9917
11/01/2013;4.9783
14/01/2013;4.9724
15/01/2013;4.9478
16/01/2013;4.9822
17/01/2013;4.941
18/01/2013;4.9286
21/01/2013;4.982
22/01/2013;4.9596
23/01/2013;4.9519
24/01/2013;4.988
25/01/2013;4.9205
28/01/2013;4.8923
29/01/2013;4.9055
30/01/2013;4.8732
31/01/2013;4.8885
01/02/2013;4.8629
04/02/2013;4.8066
05/02/2013;4.8658
06/02/2013;4.8353
07/02/2013;4.8402
08/02/2013;4.8891
11/02/2013;4.8728
12/02/2013;4.8545
13/02/2013;4.8529
14/02/2013;4.8399
15/02/2013;4.862
18/02/2013;4.8584
19/02/2013;4.8585
20/02/2013;4.7513
21/02/2013;4.8166
22/02/2013;4.8037
25/02/2013;4.7574
26/02/2013;4.8169
27/02/2013;4.8123
28/02/2013;4.8058
01/03/2013;4.7705
04/03/2013;4.7815
05/03/2013;4.8077
06/03/2013;4.7735
07/03/2013;4.7696
08/03/2013;4.7618
11/03/2013;4.7482
12/03/2013;4.7364
13/03/2013;4.7688
14/03/2013;4.7795
15/03/2013;4.826
18/03/2013;4.8448
19/03/2013;4.8455
20/03/2013;4.8702
21/03/2013;4.913
22/03/2013;4.9224
25/03/2013;4.8599
26/03/2013;4.9213
27/03/2013;4.9355
28/03/2013;4.9707
29/03/2013;4.9528
02/04/2013;4.9512
03/04/2013;4.9399
04/04/2013;4.9356
05/04/2013;4.9264
08/04/2013;4.8849
09/04/2013;4.8517
10/04/2013;4.8117
11/04/2013;4.823
12/04/2013;4.8453
15/04/2013;4.824
16/04/2013;4.8232
17/04/2013;4.7674
18/04/2013;4.8039
19/04/2013;4.8235
22/04/2013;4.7926
23/04/2013;4.8406
24/04/2013;4.8598
25/04/2013;4.9041
26/04/2013;4.9316
29/04/2013;4.921
30/04/2013;4.9148
02/05/2013;4.904
06/05/2013;4.9251
07/05/2013;4.937
08/05/2013;4.8964
09/05/2013;4.8858
10/05/2013;4.9087
13/05/2013;4.9265
14/05/2013;4.8974
15/05/2013;4.9277
16/05/2013;4.9464
17/05/2013;4.9516
20/05/2013;4.9236
21/05/2013;4.9328
22/05/2013;4.8781
23/05/2013;4.9109
24/05/2013;4.8968
27/05/2013;4.9093
28/05/2013;4.8977
29/05/2013;4.9465
31/05/2013;5.0181
03/06/2013;5.0154
04/06/2013;4.9714
05/06/2013;4.9764
06/06/2013;5.0308
07/06/2013;5.0678
10/06/2013;4.9992
11/06/2013;5.0074
12/06/2013;5.0159
13/06/2013;5.0106
14/06/2013;4.9472
17/06/2013;4.9851
18/06/2013;4.972
19/06/2013;4.963
20/06/2013;5.0629
21/06/2013;5.0705
24/06/2013;5.0926
25/06/2013;5.0691
26/06/2013;5.1049
27/06/2013;5.0778
28/06/2013;5.0604
01/07/2013;5.0581
02/07/2013;5.0493
03/07/2013;5.1081
04/07/2013;5.0699
05/07/2013;4.9848
08/07/2013;4.9994
09/07/2013;5.0034
10/07/2013;5.0197
11/07/2013;5.0121
12/07/2013;5.0252
15/07/2013;4.9595
16/07/2013;4.9286
17/07/2013;4.9273
18/07/2013;4.9181
19/07/2013;4.9343
22/07/2013;4.9133
23/07/2013;4.9119
24/07/2013;4.8868
25/07/2013;4.9216
26/07/2013;4.9009
29/07/2013;4.9071
30/07/2013;4.8724
31/07/2013;4.8577
01/08/2013;4.8576
02/08/2013;4.8794
05/08/2013;4.8785
06/08/2013;4.8791
07/08/2013;4.8569
08/08/2013;4.8847
09/08/2013;4.8722
12/08/2013;4.8798
13/08/2013;4.8708
14/08/2013;4.8984
16/08/2013;4.9499
19/08/2013;4.9871
20/08/2013;4.9763
21/08/2013;4.9696
22/08/2013;4.9579
23/08/2013;4.9486
26/08/2013;4.9304
27/08/2013;4.9393
28/08/2013;4.9333
29/08/2013;5.007
30/08/2013;4.9899
02/09/2013;5.0091
03/09/2013;5.0505
04/09/2013;5.0525
05/09/2013;5.0696
06/09/2013;5.097
09/09/2013;5.071
10/09/2013;5.0551
11/09/2013;5.0441
12/09/2013;5.0194
13/09/2013;5.0104
16/09/2013;5.0094
17/09/2013;5.0201
18/09/2013;5.0576
19/09/2013;4.9567
20/09/2013;4.9972
23/09/2013;5.0143
24/09/2013;5.0087
25/09/2013;4.9944
26/09/2013;5.0201
27/09/2013;5.0333
30/09/2013;5.0452
01/10/2013;5.0587
02/10/2013;5.0615
03/10/2013;5.0218
04/10/2013;4.9784
07/10/2013;4.9782
08/10/2013;4.9578
09/10/2013;4.9619
10/10/2013;4.9388
11/10/2013;4.9289
14/10/2013;4.9422
15/10/2013;4.9375
16/10/2013;4.9461
17/10/2013;4.9286
18/10/2013;4.9375
21/10/2013;4.9503
22/10/2013;4.929
23/10/2013;4.9055
24/10/2013;4.909
25/10/2013;4.9164
28/10/2013;4.9055
29/10/2013;4.8975
30/10/2013;4.8887
31/10/2013;4.8872
04/11/2013;4.9413
05/11/2013;4.9723
06/11/2013;4.9738
07/11/2013;4.9582
08/11/2013;5.0026
12/11/2013;4.9921
13/11/2013;4.9912
14/11/2013;4.9875
15/11/2013;5.0048
18/11/2013;4.9902
19/11/2013;4.9767
20/11/2013;4.9907
21/11/2013;5.0252
22/11/2013;5.0351
25/11/2013;5.024
26/11/2013;5.0081
27/11/2013;5.0297
28/11/2013;5.0339
29/11/2013;5.0348
02/12/2013;5.0811
03/12/2013;5.0806
04/12/2013;5.0588
05/12/2013;5.0474
06/12/2013;5.0168
09/12/2013;4.9995
10/12/2013;4.9996
11/12/2013;4.9849
12/12/2013;4.9896
13/12/2013;4.9708
16/12/2013;4.9525
17/12/2013;4.9485
18/12/2013;4.9718
19/12/2013;4.9931
20/12/2013;4.9889
23/12/2013;4.9768
24/12/2013;4.9617
27/12/2013;4.9633
30/12/2013;4.9782
31/12/2013;4.9828
02/01/2014;5.0167
03/01/2014;5.0214
07/01/2014;5.0308
08/01/2014;5.0427
09/01/2014;5.0521
10/01/2014;5.0389
13/01/2014;5.0039
14/01/2014;4.9874
15/01/2014;5.0066
16/01/2014;4.9978
17/01/2014;5.0313
20/01/2014;5.0456
21/01/2014;5.0536
22/01/2014;5.0906
23/01/2014;5.0732
24/01/2014;5.1072
27/01/2014;5.1076
28/01/2014;5.0767
29/01/2014;5.1122
30/01/2014;5.1283
31/01/2014;5.1458
03/02/2014;5.1274
04/02/2014;5.0928
05/02/2014;5.0415
06/02/2014;5.0431
07/02/2014;5.0425
10/02/2014;5.0291
11/02/2014;5.0238
12/02/2014;5.0309
13/02/2014;5.0833
14/02/2014;5.0674
17/02/2014;5.0586
18/02/2014;5.0512
19/02/2014;5.0513
20/02/2014;5.0741
21/02/2014;5.067
24/02/2014;5.044
25/02/2014;5.0492
26/02/2014;5.05
27/02/2014;5.0991
28/02/2014;5.0697
03/03/2014;5.0978
04/03/2014;5.0841
05/03/2014;5.085
06/03/2014;5.0865
07/03/2014;5.0553
10/03/2014;5.0428
11/03/2014;5.0641
12/03/2014;5.0714
13/03/2014;5.0531
14/03/2014;5.0675
17/03/2014;5.0598
18/03/2014;5.0486
19/03/2014;5.0275
20/03/2014;5.0448
21/03/2014;5.0224
24/03/2014;5.0257
25/03/2014;5.006
26/03/2014;5.0111
27/03/2014;5.0557
28/03/2014;5.0466
31/03/2014;5.0485
01/04/2014;5.0395
02/04/2014;5.044
03/04/2014;5.0369
04/04/2014;5.0435
07/04/2014;5.0463
08/04/2014;5.0578
09/04/2014;5.0567
10/04/2014;5.0472
11/04/2014;5.0452
14/04/2014;5.0626
15/04/2014;5.0694
16/04/2014;5.0883
17/04/2014;5.1028
18/04/2014;5.0789
22/04/2014;5.1039
23/04/2014;5.0907
24/04/2014;5.0838
25/04/2014;5.1069
28/04/2014;5.1147
29/04/2014;5.0958
30/04/2014;5.1181
02/05/2014;5.1148
05/05/2014;5.1132
06/05/2014;5.1138
07/05/2014;5.1229
08/05/2014;5.0952
09/05/2014;5.1131
12/05/2014;5.1278
13/05/2014;5.1206
14/05/2014;5.1238
15/05/2014;5.1255
16/05/2014;5.1375
19/05/2014;5.1385
20/05/2014;5.1531
21/05/2014;5.1627
22/05/2014;5.1492
23/05/2014;5.1369
26/05/2014;5.1328
27/05/2014;5.1442
28/05/2014;5.1302
29/05/2014;5.0867
30/05/2014;5.0928
02/06/2014;5.0898
03/06/2014;5.1048
04/06/2014;5.1035
05/06/2014;5.0736
06/06/2014;5.079
09/06/2014;5.0549
10/06/2014;5.0933
11/06/2014;5.1085
12/06/2014;5.114
13/06/2014;5.1597
16/06/2014;5.2023
17/06/2014;5.1696
18/06/2014;5.1835
20/06/2014;5.2022
23/06/2014;5.2134
24/06/2014;5.1851
25/06/2014;5.169
26/06/2014;5.1678
27/06/2014;5.19
30/06/2014;5.1885
01/07/2014;5.1996
02/07/2014;5.2168
03/07/2014;5.2132
04/07/2014;5.2307
07/07/2014;5.2281
08/07/2014;5.2051
09/07/2014;5.1895
10/07/2014;5.1903
11/07/2014;5.2122
14/07/2014;5.1991
15/07/2014;5.2196
16/07/2014;5.2235
17/07/2014;5.2328
18/07/2014;5.2439
21/07/2014;5.2412
22/07/2014;5.2466
23/07/2014;5.2398
24/07/2014;5.2247
25/07/2014;5.2327
28/07/2014;5.2391
29/07/2014;5.2479
30/07/2014;5.2447
31/07/2014;5.2506
01/08/2014;5.2665
04/08/2014;5.2363
05/08/2014;5.2545
06/08/2014;5.2831
07/08/2014;5.2877
08/08/2014;5.2948
11/08/2014;5.2669
12/08/2014;5.2772
13/08/2014;5.2848
14/08/2014;5.2149
18/08/2014;5.2435
19/08/2014;5.2195
20/08/2014;5.2406
21/08/2014;5.235
22/08/2014;5.23
25/08/2014;5.2524
26/08/2014;5.2522
27/08/2014;5.2626
28/08/2014;5.2828
29/08/2014;5.3056
01/09/2014;5.326
02/09/2014;5.3111
03/09/2014;5.2612
04/09/2014;5.2576
05/09/2014;5.2784
08/09/2014;5.214
09/09/2014;5.2522
10/09/2014;5.2232
11/09/2014;5.2646
12/09/2014;5.272
15/09/2014;5.2882
16/09/2014;5.2423
17/09/2014;5.268
18/09/2014;5.2976
19/09/2014;5.3257
22/09/2014;5.3238
23/09/2014;5.3007
24/09/2014;5.3307
25/09/2014;5.3497
26/09/2014;5.3517
29/09/2014;5.3569
30/09/2014;5.3549
01/10/2014;5.3665
02/10/2014;5.3458
03/10/2014;5.3217
06/10/2014;5.3292
07/10/2014;5.3273
08/10/2014;5.3127
09/10/2014;5.3075
10/10/2014;5.2989
13/10/2014;5.316
14/10/2014;5.2855
15/10/2014;5.2929
16/10/2014;5.2805
17/10/2014;5.3082
20/10/2014;5.336
21/10/2014;5.3329
22/10/2014;5.3332
23/10/2014;5.3455
24/10/2014;5.3621
27/10/2014;5.3597
28/10/2014;5.3619
29/10/2014;5.3516
30/10/2014;5.3706
31/10/2014;5.3503
03/11/2014;5.4048
04/11/2014;5.4008
05/11/2014;5.386
06/11/2014;5.3914
07/11/2014;5.3895
10/11/2014;5.3704
12/11/2014;5.4111
13/11/2014;5.3364
14/11/2014;5.3192
17/11/2014;5.2858
18/11/2014;5.2765
19/11/2014;5.2663
20/11/2014;5.2786
21/11/2014;5.2904
24/11/2014;5.2938
25/11/2014;5.2861
26/11/2014;5.2688
27/11/2014;5.2843
28/11/2014;5.2805
01/12/2014;5.2567
02/12/2014;5.2567
03/12/2014;5.2759
04/12/2014;5.2871
05/12/2014;5.2693
08/12/2014;5.2946
09/12/2014;5.2694
10/12/2014;5.2599
11/12/2014;5.2647
12/12/2014;5.2831
15/12/2014;5.2799
16/12/2014;5.2629
17/12/2014;5.3317
18/12/2014;5.3793
19/12/2014;5.445
22/12/2014;5.4296
23/12/2014;5.4422
24/12/2014;5.4854
29/12/2014;5.4904
30/12/2014;5.5111
31/12/2014;5.4648
02/01/2015;5.5296
05/01/2015;5.5064
07/01/2015;5.4983
08/01/2015;5.4919
09/01/2015;5.4835
12/01/2015;5.4768
13/01/2015;5.4762
14/01/2015;5.5407
15/01/2015;5.5616
16/01/2015;5.6585
19/01/2015;5.6355
20/01/2015;5.6595
21/01/2015;5.6454
22/01/2015;5.6077
23/01/2015;5.6468
26/01/2015;5.6432
27/01/2015;5.6357
28/01/2015;5.6619
29/01/2015;5.6644
30/01/2015;5.6089
02/02/2015;5.5204
03/02/2015;5.5395
04/02/2015;5.5332
05/02/2015;5.5853
06/02/2015;5.5761
09/02/2015;5.6076
10/02/2015;5.6608
11/02/2015;5.6717
12/02/2015;5.6254
13/02/2015;5.6239
16/02/2015;5.6465
17/02/2015;5.6539
18/02/2015;5.6774
19/02/2015;5.661
20/02/2015;5.6689
23/02/2015;5.6751
24/02/2015;5.7057
25/02/2015;5.6857
26/02/2015;5.6736
27/02/2015;5.6924
02/03/2015;5.7134
03/03/2015;5.717
04/03/2015;5.7478
05/03/2015;5.7195
06/03/2015;5.7223
09/03/2015;5.7233
10/03/2015;5.7713
11/03/2015;5.8861
12/03/2015;5.833
13/03/2015;5.8144
16/03/2015;5.8059
17/03/2015;5.7744
18/03/2015;5.7319
19/03/2015;5.7459
20/03/2015;5.6931
23/03/2015;5.6834
24/03/2015;5.5958
25/03/2015;5.5611
26/03/2015;5.5405
27/03/2015;5.6321
30/03/2015;5.5956
31/03/2015;5.6295
01/04/2015;5.5928
02/04/2015;5.5671
03/04/2015;5.5496
07/04/2015;5.5595
08/04/2015;5.5325
09/04/2015;5.5323
10/04/2015;5.548
13/04/2015;5.5572
14/04/2015;5.5524
15/04/2015;5.5721
16/04/2015;5.5972
17/04/2015;5.5948
20/04/2015;5.5758
21/04/2015;5.5459
22/04/2015;5.5673
23/04/2015;5.6049
24/04/2015;5.5876
27/04/2015;5.6216
28/04/2015;5.5908
29/04/2015;5.6012
30/04/2015;5.5622
04/05/2015;5.5024
05/05/2015;5.4758
06/05/2015;5.4807
07/05/2015;5.4432
08/05/2015;5.588
11/05/2015;5.6242
12/05/2015;5.6978
13/05/2015;5.7098
14/05/2015;5.6601
15/05/2015;5.6269
18/05/2015;5.5672
19/05/2015;5.6194
20/05/2015;5.6685
21/05/2015;5.733
22/05/2015;5.7447
25/05/2015;5.8063
26/05/2015;5.8386
27/05/2015;5.8407
28/05/2015;5.8059
29/05/2015;5.759
01/06/2015;5.7658
02/06/2015;5.744
03/06/2015;5.6682
05/06/2015;5.6545
08/06/2015;5.6915
09/06/2015;5.6518
10/06/2015;5.6748
11/06/2015;5.6936
12/06/2015;5.7432
15/06/2015;5.7305
16/06/2015;5.7436
17/06/2015;5.7981
18/06/2015;5.8089
19/06/2015;5.8449
22/06/2015;5.8384
23/06/2015;5.8499
24/06/2015;5.8615
25/06/2015;5.8549
26/06/2015;5.8711
29/06/2015;5.9171
30/06/2015;5.918
01/07/2015;5.891
02/07/2015;5.9063
03/07/2015;5.8963
06/07/2015;5.9066
07/07/2015;5.9422
08/07/2015;5.8883
09/07/2015;5.8902
10/07/2015;5.8278
13/07/2015;5.8295
14/07/2015;5.826
15/07/2015;5.8604
16/07/2015;5.8877
17/07/2015;5.8934
20/07/2015;5.896
21/07/2015;5.8984
22/07/2015;5.8824
23/07/2015;5.8581
24/07/2015;5.8325
27/07/2015;5.8149
28/07/2015;5.8145
29/07/2015;5.8519
30/07/2015;5.8978
31/07/2015;5.9045
03/08/2015;5.8901
04/08/2015;5.8905
05/08/2015;5.9776
06/08/2015;5.9921
07/08/2015;5.9505
10/08/2015;5.9169
11/08/2015;5.9447
12/08/2015;5.8896
13/08/2015;5.8722
14/08/2015;5.8637
17/08/2015;5.8867
18/08/2015;5.8871
19/08/2015;5.9139
20/08/2015;5.8806
21/08/2015;5.8671
24/08/2015;5.8057
25/08/2015;5.7807
26/08/2015;5.7929
27/08/2015;5.8003
28/08/2015;5.7703
31/08/2015;5.8309
01/09/2015;5.7527
02/09/2015;5.755
03/09/2015;5.7445
04/09/2015;5.7848
07/09/2015;5.7882
08/09/2015;5.8247
09/09/2015;5.779
10/09/2015;5.7922
11/09/2015;5.7518
14/09/2015;5.7355
15/09/2015;5.749
16/09/2015;5.7479
17/09/2015;5.7556
18/09/2015;5.7422
21/09/2015;5.7569
22/09/2015;5.7958
23/09/2015;5.7985
24/09/2015;5.7505
25/09/2015;5.7585
28/09/2015;5.7672
29/09/2015;5.7421
30/09/2015;5.7305
01/10/2015;5.7592
02/10/2015;5.7643
05/10/2015;5.731
06/10/2015;5.7474
07/10/2015;5.7525
08/10/2015;5.7553
09/10/2015;5.7199
12/10/2015;5.7014
13/10/2015;5.6705
14/10/2015;5.7065
15/10/2015;5.724
16/10/2015;5.7552
19/10/2015;5.7647
20/10/2015;5.7872
21/10/2015;5.8097
22/10/2015;5.85
23/10/2015;5.8868
26/10/2015;5.931
27/10/2015;5.9285
28/10/2015;5.9438
29/10/2015;5.9519
30/10/2015;5.9429
02/11/2015;5.974
03/11/2015;5.9604
04/11/2015;5.9994
05/11/2015;5.9881
06/11/2015;5.9229
09/11/2015;5.9685
10/11/2015;5.9796
12/11/2015;5.9884
13/11/2015;5.9948
16/11/2015;6.0176
17/11/2015;6.0485
18/11/2015;6.0632
19/11/2015;6.0625
20/11/2015;6.073
23/11/2015;6.0456
24/11/2015;6.0554
25/11/2015;6.0651
26/11/2015;6.0769
27/11/2015;6.0646
30/11/2015;6.0498
01/12/2015;6.0709
02/12/2015;6.0623
03/12/2015;6.0329
04/12/2015;5.9918
07/12/2015;6.0052
08/12/2015;5.986
09/12/2015;5.9749
10/12/2015;6.0108
11/12/2015;6.0126
14/12/2015;6.0216
15/12/2015;5.9928
16/12/2015;5.9537
17/12/2015;5.9327
18/12/2015;5.9032
21/12/2015;5.8429
22/12/2015;5.7745
23/12/2015;5.771
24/12/2015;5.7628
28/12/2015;5.7713
29/12/2015;5.748
30/12/2015;5.7581
31/12/2015;5.7862
04/01/2016;5.8083
05/01/2016;5.8779
07/01/2016;5.843
08/01/2016;5.8449
11/01/2016;5.8402
12/01/2016;5.8223
13/01/2016;5.7963
14/01/2016;5.7492
15/01/2016;5.8085
18/01/2016;5.88
19/01/2016;5.8555
20/01/2016;5.798
21/01/2016;5.8581
22/01/2016;5.8608
25/01/2016;5.8955
26/01/2016;5.8958
27/01/2016;5.8855
28/01/2016;5.8507
29/01/2016;5.8443
01/02/2016;5.7868
02/02/2016;5.7918
03/02/2016;5.8291
04/02/2016;5.7822
05/02/2016;5.7326
08/02/2016;5.7338
09/02/2016;5.7425
10/02/2016;5.7095
11/02/2016;5.6707
12/02/2016;5.6825
15/02/2016;5.6774
16/02/2016;5.6979
17/02/2016;5.6455
18/02/2016;5.6364
19/02/2016;5.6504
22/02/2016;5.5861
23/02/2016;5.6025
24/02/2016;5.5486
25/02/2016;5.5324
26/02/2016;5.5475
29/02/2016;5.5376
01/03/2016;5.571
02/03/2016;5.5505
03/03/2016;5.6045
04/03/2016;5.5894
07/03/2016;5.5911
08/03/2016;5.5986
09/03/2016;5.6065
10/03/2016;5.5869
11/03/2016;5.5543
14/03/2016;5.5307
15/03/2016;5.4738
16/03/2016;5.4703
17/03/2016;5.4355
18/03/2016;5.4708
21/03/2016;5.4511
22/03/2016;5.4307
23/03/2016;5.3877
24/03/2016;5.3872
25/03/2016;5.403
29/03/2016;5.4216
30/03/2016;5.3974
31/03/2016;5.4078
01/04/2016;5.326
04/04/2016;5.2871
05/04/2016;5.3145
06/04/2016;5.2933
07/04/2016;5.2704
08/04/2016;5.319
11/04/2016;5.3362
12/04/2016;5.3587
13/04/2016;5.3654
14/04/2016;5.4003
15/04/2016;5.4071
18/04/2016;5.3945
19/04/2016;5.4302
20/04/2016;5.4394
21/04/2016;5.4357
22/04/2016;5.5078
25/04/2016;5.622
26/04/2016;5.6746
27/04/2016;5.6617
28/04/2016;5.6504
29/04/2016;5.6496
02/05/2016;5.5814
04/05/2016;5.5465
05/05/2016;5.5802
06/05/2016;5.6116
09/05/2016;5.5901
10/05/2016;5.613
11/05/2016;5.6012
12/05/2016;5.603
13/05/2016;5.589
16/05/2016;5.5449
17/05/2016;5.5725
18/05/2016;5.6243
19/05/2016;5.7359
20/05/2016;5.7355
23/05/2016;5.7449
24/05/2016;5.7821
25/05/2016;5.8139
27/05/2016;5.7738
30/05/2016;5.761
31/05/2016;5.7469
01/06/2016;5.6903
02/06/2016;5.6614
03/06/2016;5.6867
06/06/2016;5.5713
07/06/2016;5.5923
08/06/2016;5.5448
09/06/2016;5.5174
10/06/2016;5.5662
13/06/2016;5.5109
14/06/2016;5.582
15/06/2016;5.5864
16/06/2016;5.592
17/06/2016;5.6352
20/06/2016;5.6736
21/06/2016;5.72
22/06/2016;5.708
23/06/2016;5.7028
24/06/2016;5.5644
27/06/2016;5.3638
28/06/2016;5.3226
29/06/2016;5.3441
30/06/2016;5.3655
01/07/2016;5.2616
04/07/2016;5.2847
05/07/2016;5.2465
06/07/2016;5.2038
07/07/2016;5.1995
08/07/2016;5.1734
11/07/2016;5.1504
12/07/2016;5.2339
13/07/2016;5.2771
14/07/2016;5.2455
15/07/2016;5.3142
18/07/2016;5.2882
19/07/2016;5.2227
20/07/2016;5.2332
21/07/2016;5.2374
22/07/2016;5.2066
25/07/2016;5.2222
26/07/2016;5.2066
27/07/2016;5.2074
28/07/2016;5.1937
29/07/2016;5.1774
01/08/2016;5.1502
02/08/2016;5.1378
03/08/2016;5.1431
04/08/2016;5.1303
05/08/2016;5.0636
08/08/2016;5.0491
09/08/2016;5.0068
10/08/2016;4.9906
11/08/2016;4.9604
12/08/2016;4.9539
16/08/2016;4.9171
17/08/2016;4.9518
18/08/2016;4.979
19/08/2016;4.9726
22/08/2016;4.9959
23/08/2016;5.0197
24/08/2016;5.0463
25/08/2016;5.0463
26/08/2016;5.0641
29/08/2016;5.0838
30/08/2016;5.0781
31/08/2016;5.1392
01/09/2016;5.1839
02/09/2016;5.1959
05/09/2016;5.2047
06/09/2016;5.1856
07/09/2016;5.1571
08/09/2016;5.1123
09/09/2016;5.1052
12/09/2016;5.1326
13/09/2016;5.1524
14/09/2016;5.1157
15/09/2016;5.0977
16/09/2016;5.0845
19/09/2016;5.0334
20/09/2016;5.0028
21/09/2016;5.0074
22/09/2016;4.9896
23/09/2016;4.9842
26/09/2016;4.956
27/09/2016;4.9573
28/09/2016;4.9717
29/09/2016;4.9837
30/09/2016;4.9962
03/10/2016;4.9262
04/10/2016;4.9139
05/10/2016;4.8783
06/10/2016;4.8873
07/10/2016;4.7872
10/10/2016;4.7576
11/10/2016;4.7275
12/10/2016;4.7618
13/10/2016;4.7651
14/10/2016;4.7603
17/10/2016;4.7803
18/10/2016;4.7946
19/10/2016;4.8397
20/10/2016;4.8296
21/10/2016;4.8665
24/10/2016;4.857
25/10/2016;4.8391
26/10/2016;4.8268
27/10/2016;4.8579
28/10/2016;4.8294
31/10/2016;4.8061
02/11/2016;4.778
03/11/2016;4.8165
04/11/2016;4.8502
07/11/2016;4.851
08/11/2016;4.8662
09/11/2016;4.8727
10/11/2016;4.939
14/11/2016;5.0919
15/11/2016;5.0734
16/11/2016;5.1564
17/11/2016;5.163
18/11/2016;5.2049
21/11/2016;5.1497
22/11/2016;5.1792
23/11/2016;5.1465
24/11/2016;5.2176
25/11/2016;5.1917
28/11/2016;5.1654
29/11/2016;5.2163
30/11/2016;5.2112
01/12/2016;5.2637
02/12/2016;5.3115
05/12/2016;5.3653
06/12/2016;5.334
07/12/2016;5.1955
08/12/2016;5.2126
09/12/2016;5.2701
12/12/2016;5.2958
13/12/2016;5.3306
14/12/2016;5.2876
15/12/2016;5.3021
16/12/2016;5.2532
19/12/2016;5.2662
20/12/2016;5.2621
21/12/2016;5.2383
22/12/2016;5.2072
23/12/2016;5.1815
27/12/2016;5.1681
28/12/2016;5.1768
29/12/2016;5.1694
30/12/2016;5.1445
02/01/2017;5.1925
03/01/2017;5.1975
04/01/2017;5.1596
05/01/2017;5.1266
09/01/2017;5.0534
10/01/2017;5.0132
11/01/2017;5.0266
12/01/2017;5.0413
13/01/2017;5.0152
16/01/2017;4.9883
17/01/2017;4.9879
18/01/2017;5.0354
19/01/2017;5.0503
20/01/2017;5.0405
23/01/2017;5.0757
24/01/2017;5.0793
25/01/2017;5.1096
26/01/2017;5.1278
27/01/2017;5.0945
30/01/2017;5.0701
31/01/2017;5.0209
01/02/2017;5.051
02/02/2017;5.0574
03/02/2017;4.9959
06/02/2017;4.9755
07/02/2017;4.9818
08/02/2017;5.0643
09/02/2017;5.0672
10/02/2017;5.0537
13/02/2017;5.0673
14/02/2017;5.0537
15/02/2017;5.0627
16/02/2017;5.0765
17/02/2017;5.0533
20/02/2017;5.0712
21/02/2017;5.0888
22/02/2017;5.086
23/02/2017;5.095
24/02/2017;5.1011
27/02/2017;5.0646
28/02/2017;5.0617
01/03/2017;5.0437
02/03/2017;4.9999
03/03/2017;5.0091
06/03/2017;4.9844
07/03/2017;4.9804
08/03/2017;4.9651
09/03/2017;4.9656
10/03/2017;4.9621
13/03/2017;4.9737
14/03/2017;4.935
15/03/2017;4.961
16/03/2017;4.9377
17/03/2017;4.9466
20/03/2017;4.9415
21/03/2017;4.9201
22/03/2017;4.9518
23/03/2017;4.9577
24/03/2017;4.9327
27/03/2017;4.9346
28/03/2017;4.9309
29/03/2017;4.8869
30/03/2017;4.8904
31/03/2017;4.913
03/04/2017;4.9604
04/04/2017;4.9606
05/04/2017;4.9607
06/04/2017;4.9605
07/04/2017;4.9431
10/04/2017;4.955
11/04/2017;4.9707
12/04/2017;5.0047
13/04/2017;5.0056
14/04/2017;4.9932
18/04/2017;5.0108
19/04/2017;5.0729
20/04/2017;5.0797
21/04/2017;5.1003
24/04/2017;5.0092
25/04/2017;4.9825
26/04/2017;4.9671
27/04/2017;4.9978
28/04/2017;5.0021
02/05/2017;4.9851
04/05/2017;4.9796
05/05/2017;4.9792
08/05/2017;4.98
09/05/2017;5.0122
10/05/2017;5.0244
11/05/2017;5.0047
12/05/2017;4.9897
15/05/2017;4.9735
16/05/2017;4.8948
17/05/2017;4.8928
18/05/2017;4.938
19/05/2017;4.9054
22/05/2017;4.8689
23/05/2017;4.8508
24/05/2017;4.8766
25/05/2017;4.8238
26/05/2017;4.7942
29/05/2017;4.7987
30/05/2017;4.8147
31/05/2017;4.7749
01/06/2017;4.7972
02/06/2017;4.7989
05/06/2017;4.7782
06/06/2017;4.8143
07/06/2017;4.8047
08/06/2017;4.8474
09/06/2017;4.7658
12/06/2017;4.7547
13/06/2017;4.7478
14/06/2017;4.7783
16/06/2017;4.8199
19/06/2017;4.8167
20/06/2017;4.8064
21/06/2017;4.8028
22/06/2017;4.8126
23/06/2017;4.8151
26/06/2017;4.7969
27/06/2017;4.7728
28/06/2017;4.7783
29/06/2017;4.8168
30/06/2017;4.8132
03/07/2017;4.8224
04/07/2017;4.8296
05/07/2017;4.8357
06/07/2017;4.8294
07/07/2017;4.7906
10/07/2017;4.7818
11/07/2017;4.8085
12/07/2017;4.7596
13/07/2017;4.8005
14/07/2017;4.7931
17/07/2017;4.8055
18/07/2017;4.7499
19/07/2017;4.753
20/07/2017;4.7593
21/07/2017;4.719
24/07/2017;4.7421
25/07/2017;4.7589
26/07/2017;4.7722
27/07/2017;4.7774
28/07/2017;4.7657
31/07/2017;4.752
01/08/2017;4.7622
02/08/2017;4.7492
03/08/2017;4.7595
04/08/2017;4.6938
07/08/2017;4.6958
08/08/2017;4.6986
09/08/2017;4.7252
10/08/2017;4.7315
11/08/2017;4.7276
14/08/2017;4.7084
16/08/2017;4.697
17/08/2017;4.6738
18/08/2017;4.7049
21/08/2017;4.6882
22/08/2017;4.6694
23/08/2017;4.6433
24/08/2017;4.6551
25/08/2017;4.6269
28/08/2017;4.6117
29/08/2017;4.5852
30/08/2017;4.6085
31/08/2017;4.6183
01/09/2017;4.6144
04/09/2017;4.6206
05/09/2017;4.6075
06/09/2017;4.6349
07/09/2017;4.6411
08/09/2017;4.6301
11/09/2017;4.6561
12/09/2017;4.7169
13/09/2017;4.7303
14/09/2017;4.7504
15/09/2017;4.8521
18/09/2017;4.8662
19/09/2017;4.8277
20/09/2017;4.8313
21/09/2017;4.854
22/09/2017;4.8369
25/09/2017;4.8543
26/09/2017;4.8873
27/09/2017;4.9086
28/09/2017;4.9013
29/09/2017;4.8842
02/10/2017;4.8914
03/10/2017;4.8668
04/10/2017;4.8561
05/10/2017;4.8157
06/10/2017;4.8121
09/10/2017;4.8158
10/10/2017;4.8061
11/10/2017;4.7803
12/10/2017;4.7635
13/10/2017;4.7909
16/10/2017;4.7889
17/10/2017;4.7709
18/10/2017;4.7392
19/10/2017;4.7208
20/10/2017;4.7221
23/10/2017;4.752
24/10/2017;4.7553
25/10/2017;4.7441
26/10/2017;4.7482
27/10/2017;4.7856
30/10/2017;4.7956
31/10/2017;4.8233
02/11/2017;4.8131
03/11/2017;4.7586
06/11/2017;4.7938
07/11/2017;4.82
08/11/2017;4.8066
09/11/2017;4.7752
10/11/2017;4.7709
13/11/2017;4.7576
14/11/2017;4.7317
15/11/2017;4.7148
16/11/2017;4.7401
17/11/2017;4.7662
20/11/2017;4.7671
21/11/2017;4.7738
22/11/2017;4.7546
23/11/2017;4.731
24/11/2017;4.7295
27/11/2017;4.7089
28/11/2017;4.7073
29/11/2017;4.7405
30/11/2017;4.7847
01/12/2017;4.7675
04/12/2017;4.7685
05/12/2017;4.76
06/12/2017;4.7715
07/12/2017;4.7801
08/12/2017;4.8261
11/12/2017;4.7646
12/12/2017;4.7652
13/12/2017;4.7895
14/12/2017;4.806
15/12/2017;4.8061
18/12/2017;4.7717
19/12/2017;4.7578
20/12/2017;4.7483
21/12/2017;4.7318
22/12/2017;4.7387
27/12/2017;4.7272
28/12/2017;4.7126
29/12/2017;4.7001
02/01/2018;4.6805
03/01/2018;4.703
04/01/2018;4.6691
05/01/2018;4.6663
08/01/2018;4.699
09/01/2018;4.7347
10/01/2018;4.724
11/01/2018;4.7136
12/01/2018;4.6777
15/01/2018;4.6902
16/01/2018;4.706
17/01/2018;4.7051
18/01/2018;4.7216
19/01/2018;4.7301
22/01/2018;4.7304
23/01/2018;4.7527
24/01/2018;4.7563
25/01/2018;4.7688
26/01/2018;4.7489
29/01/2018;4.7082
30/01/2018;4.7061
31/01/2018;4.7076
01/02/2018;4.7512
02/02/2018;4.7381
05/02/2018;4.7111
06/02/2018;4.6877
07/02/2018;4.6886
08/02/2018;4.7298
09/02/2018;4.769
12/02/2018;4.7244
13/02/2018;4.709
14/02/2018;4.6846
15/02/2018;4.6763
16/02/2018;4.6769
19/02/2018;4.6829
20/02/2018;4.7042
21/02/2018;4.7072
22/02/2018;4.7233
23/02/2018;4.7365
26/02/2018;4.7527
27/02/2018;4.7199
28/02/2018;4.7482
01/03/2018;4.7207
02/03/2018;4.7109
05/03/2018;4.6975
06/03/2018;4.7
07/03/2018;4.6788
08/03/2018;4.7046
09/03/2018;4.7142
12/03/2018;4.72
13/03/2018;4.7404
14/03/2018;4.7506
15/03/2018;4.7556
16/03/2018;4.7778
19/03/2018;4.7982
20/03/2018;4.8114
21/03/2018;4.8564
22/03/2018;4.8445
23/03/2018;4.8368
26/03/2018;4.8475
27/03/2018;4.7993
28/03/2018;4.8081
29/03/2018;4.8018
30/03/2018;4.7974
03/04/2018;4.8124
04/04/2018;4.8179
05/04/2018;4.816
06/04/2018;4.8056
09/04/2018;4.8221
10/04/2018;4.8267
11/04/2018;4.8069
12/04/2018;4.8022
13/04/2018;4.8372
16/04/2018;4.8047
17/04/2018;4.8102
18/04/2018;4.7861
19/04/2018;4.777
20/04/2018;4.766
23/04/2018;4.779
24/04/2018;4.8002
25/04/2018;4.8218
26/04/2018;4.8454
27/04/2018;4.8379
30/04/2018;4.7888
02/05/2018;4.8516
04/05/2018;4.843
07/05/2018;4.8236
08/05/2018;4.8471
09/05/2018;4.8894
10/05/2018;4.8513
11/05/2018;4.8311
14/05/2018;4.8314
15/05/2018;4.864
16/05/2018;4.8875
17/05/2018;4.9093
18/05/2018;4.9117
21/05/2018;4.9071
22/05/2018;4.8814
23/05/2018;4.9034
24/05/2018;4.9056
25/05/2018;4.9061
28/05/2018;4.9089
29/05/2018;4.9356
30/05/2018;4.9383
01/06/2018;4.9102
04/06/2018;4.9002
05/06/2018;4.8913
06/06/2018;4.8911
07/06/2018;4.8542
08/06/2018;4.89
11/06/2018;4.8451
12/06/2018;4.8604
13/06/2018;4.8582
14/06/2018;4.8596
15/06/2018;4.8998
18/06/2018;4.9003
19/06/2018;4.9202
20/06/2018;4.9159
21/06/2018;4.9309
22/06/2018;4.9209
25/06/2018;4.9119
26/06/2018;4.9281
27/06/2018;4.9285
28/06/2018;4.9339
29/06/2018;4.927
02/07/2018;4.966
03/07/2018;4.9754
04/07/2018;4.9863
05/07/2018;4.9627
06/07/2018;4.9305
09/07/2018;4.9159
10/07/2018;4.899
11/07/2018;4.9048
12/07/2018;4.8953
13/07/2018;4.8896
16/07/2018;4.8811
17/07/2018;4.8572
18/07/2018;4.8276
19/07/2018;4.8348
20/07/2018;4.8376
23/07/2018;4.85
24/07/2018;4.855
25/07/2018;4.8414
26/07/2018;4.83
27/07/2018;4.8353
30/07/2018;4.8155
31/07/2018;4.795
01/08/2018;4.7989
02/08/2018;4.8128
03/08/2018;4.7983
06/08/2018;4.7863
07/08/2018;4.7624
08/08/2018;4.7465
09/08/2018;4.7464
10/08/2018;4.7812
13/08/2018;4.8298
14/08/2018;4.8232
16/08/2018;4.8135
17/08/2018;4.8043
20/08/2018;4.8009
21/08/2018;4.7951
22/08/2018;4.7798
23/08/2018;4.7724
24/08/2018;4.7501
27/08/2018;4.7282
28/08/2018;4.7166
29/08/2018;4.7316
30/08/2018;4.776
31/08/2018;4.7917
03/09/2018;4.7692
04/09/2018;4.779
05/09/2018;4.7856
06/09/2018;4.8071
07/09/2018;4.7887
10/09/2018;4.8255
11/09/2018;4.8371
12/09/2018;4.8433
13/09/2018;4.8432
14/09/2018;4.8346
17/09/2018;4.8314
18/09/2018;4.837
19/09/2018;4.8406
20/09/2018;4.8412
21/09/2018;4.8116
24/09/2018;4.804
25/09/2018;4.7987
26/09/2018;4.798
27/09/2018;4.7982
28/09/2018;4.8055
01/10/2018;4.8149
02/10/2018;4.8403
03/10/2018;4.8293
04/10/2018;4.8618
05/10/2018;4.8897
08/10/2018;4.9058
09/10/2018;4.9161
10/10/2018;4.9276
11/10/2018;4.9336
12/10/2018;4.9081
15/10/2018;4.872
16/10/2018;4.8872
17/10/2018;4.8794
18/10/2018;4.8906
19/10/2018;4.9014
22/10/2018;4.8642
23/10/2018;4.8704
24/10/2018;4.8758
